idx,owner,treespec,Country,2021 ,2018 ,2015 ,2012 ,2009 ,2006 ,2003 ,2000 ,1997 ,1994 
"A,THS_M3,PRV,CONIF,AT",PRV,CONIF,AT,14080.18,14754804.0,13260.64,13569.62,12373.91,14840.0,12574.0,9899.0,10660.0,10399.0
"A,THS_M3,PRV,CONIF,BE",PRV,CONIF,BE,,,,,1593.15,1914.58,1827.29,,,
"A,THS_M3,PRV,CONIF,BG",PRV,CONIF,BG,362.6,464.39,421.27,398.0,207.0,395.0,,,,
"A,THS_M3,PRV,CONIF,CH",PRV,CONIF,CH,1232.04,1214.27,917.65,,1042.25,1165.0,1200.0,3350.0,891.0,999.0
"A,THS_M3,PRV,CONIF,CY",PRV,CONIF,CY,1.25,0.84,2.8,1.25,0.67,0.99,1.51,,1.0,
"A,THS_M3,PRV,CONIF,CZ",PRV,CONIF,CZ,,7849.0,3533.0,78.0,3441.0,3960.83,,,,
"A,THS_M3,PRV,CONIF,DE",PRV,CONIF,DE,,30063.71,20200.64,17954.67,16092.87,23676.0,17773.0,13524.0,10129.0,7796.0
"A,THS_M3,PRV,CONIF,DK",PRV,CONIF,DK,,,,,1546.37,1406.4,849.0,1626.03,684.0,
"A,THS_M3,PRV,CONIF,EE",PRV,CONIF,EE,3390.0,4532.49,3241.24,2420.0,1644.0,1960.0,4400.0,,957.0,
"A,THS_M3,PRV,CONIF,EL",PRV,CONIF,EL,,,,,58.48,96.45,89.84,61.48,64.0,169.0
"A,THS_M3,PRV,CONIF,ES",PRV,CONIF,ES,5949.41,7604.23,6180.22,3719.4,3912.86,5243.9,6512.0,,,5817.0
"A,THS_M3,PRV,CONIF,FI",PRV,CONIF,FI,,49361.48,42337.2,36889.59,28371.25,38218.89,41265.0,42072.0,40219.0,37272.0
"A,THS_M3,PRV,CONIF,FR",PRV,CONIF,FR,14544.25,14436.73,14506.57,14550.2,19323.45,17118.25,13649.0,20340.0,13695.0,14289.0
"A,THS_M3,PRV,CONIF,HU",PRV,CONIF,HU,342.21,289.34,262.66,283.84,165.87,206.0,91.0,,,
"A,THS_M3,PRV,CONIF,IE",PRV,CONIF,IE,,,566.55,345.12,160.92,212.0,252.0,,86.0,60.0
"A,THS_M3,PRV,CONIF,IS",PRV,CONIF,IS,,,,0.15,,,,,0.0,0.0
"A,THS_M3,PRV,CONIF,IT",PRV,CONIF,IT,,,1287.79,1109.56,1385.96,1282.15,862.18,1360.0,,
"A,THS_M3,PRV,CONIF,LI",PRV,CONIF,LI,,,,0.0,0.0,1.0,,,,
"A,THS_M3,PRV,CONIF,LT",PRV,CONIF,LT,1610.0,1690.0,1368.0,1694.0,913.57,1245.0,1390.0,,600.0,
"A,THS_M3,PRV,CONIF,LU",PRV,CONIF,LU,139.2,,131.99,,50.63,78.0,78.04,,,188.0
"A,THS_M3,PRV,CONIF,LV",PRV,CONIF,LV,4990.66,4861.07,3934.21,2237.78,3424.78,3902.1,0.0,,,
"A,THS_M3,PRV,CONIF,MT",PRV,CONIF,MT,,0.0,,0.0,0.0,0.0,0.0,,,
"A,THS_M3,PRV,CONIF,NL",PRV,CONIF,NL,232.7,271.7,295.95,246.9,269.39,330.8,277.0,317.0,340.0,280.0
"A,THS_M3,PRV,CONIF,NO",PRV,CONIF,NO,10691.61,10203.18,10342.55,,6804.72,7876.18,7231.7,7345.7,7479.0,7672.0
"A,THS_M3,PRV,CONIF,PL",PRV,CONIF,PL,1281.1,1651.58,1289.11,1132.96,819.45,845.0,870.0,,,
"A,THS_M3,PRV,CONIF,PT",PRV,CONIF,PT,3381.96,3495.81,2459.72,2794.44,3561.53,,,,,
"A,THS_M3,PRV,CONIF,RO",PRV,CONIF,RO,2400.21,1762.25,2101.73,2119.51,1575.1,1262.0,,,,
"A,THS_M3,PRV,CONIF,SE",PRV,CONIF,SE,54160.0,,,55530.0,50200.0,,,52760.0,,
"A,THS_M3,PRV,CONIF,SI",PRV,CONIF,SI,1368.36,2150.93,1879.47,1240.3,1023.63,1210.31,968.0,,,
"A,THS_M3,PRV,CONIF,SK",PRV,CONIF,SK,1726.01,2512.7,2079.99,1726.27,1852.06,1625.0,1318.0,,783.0,
"A,THS_M3,PRV,CONIF,UK",PRV,CONIF,UK,,5979.87,5472.46,4904.58,3121.05,3548.0,2823.0,2162.0,2910.0,2856.0
"A,THS_M3,PRV,NCONIF,AT",PRV,NCONIF,AT,2503.28,2816263.0,2658.23,2803.46,2391.0,2492.0,1994.0,1686.0,1657.0,1669.0
"A,THS_M3,PRV,NCONIF,BE",PRV,NCONIF,BE,,,,,863.66,922.35,740.12,,,
"A,THS_M3,PRV,NCONIF,BG",PRV,NCONIF,BG,300.9,376.5,483.31,676.0,540.0,810.0,,,,
"A,THS_M3,PRV,NCONIF,CH",PRV,NCONIF,CH,463.37,453.31,475.55,,421.63,271.0,300.0,532.0,318.0,291.0
"A,THS_M3,PRV,NCONIF,CY",PRV,NCONIF,CY,0.24,0.69,0.61,0.24,1.15,0.5,0.33,,1.0,
"A,THS_M3,PRV,NCONIF,CZ",PRV,NCONIF,CZ,,487.0,447.0,31.0,352.0,344.17,,,,
"A,THS_M3,PRV,NCONIF,DE",PRV,NCONIF,DE,,8908.93,4251.83,4272.55,3301.3,3256.0,2729.0,2869.0,1696.0,1566.0
"A,THS_M3,PRV,NCONIF,DK",PRV,NCONIF,DK,,,,,519.83,355.83,305.0,411.32,427.0,
"A,THS_M3,PRV,NCONIF,EE",PRV,NCONIF,EE,2762.0,3693.33,2284.38,1670.0,1186.0,1280.0,2650.0,,1048.0,
"A,THS_M3,PRV,NCONIF,EL",PRV,NCONIF,EL,,,,,264.96,254.96,254.59,317.09,498.0,297.0
"A,THS_M3,PRV,NCONIF,ES",PRV,NCONIF,ES,7672.15,8719.92,7536.92,8506.56,6924.25,6916.56,6435.0,,,5693.0
"A,THS_M3,PRV,NCONIF,FI",PRV,NCONIF,FI,,13485.51,11983.17,10095.74,8888.05,8199.73,8254.0,8162.0,7970.0,7423.0
"A,THS_M3,PRV,NCONIF,FR",PRV,NCONIF,FR,25830.86,24306.75,25435.83,25543.95,24974.85,32222.94,5394.0,4573.0,8872.0,24556.0
"A,THS_M3,PRV,NCONIF,HU",PRV,NCONIF,HU,2095.39,1868.03,1738.22,2042.61,1582.7,1725.0,856.0,,,
"A,THS_M3,PRV,NCONIF,IE",PRV,NCONIF,IE,,,96.1,100.12,75.67,4.0,32.0,,45.0,40.0
"A,THS_M3,PRV,NCONIF,IS",PRV,NCONIF,IS,,,,0.02,,,,,,0.0
"A,THS_M3,PRV,NCONIF,IT",PRV,NCONIF,IT,,,2052.62,4571.28,4626.72,4617.27,5561.03,5877.0,,
"A,THS_M3,PRV,NCONIF,LI",PRV,NCONIF,LI,,,,0.0,0.0,0.0,,,,
"A,THS_M3,PRV,NCONIF,LT",PRV,NCONIF,LT,1489.0,1899.0,1424.0,1570.0,1007.25,1185.0,1235.0,,298.0,
"A,THS_M3,PRV,NCONIF,LU",PRV,NCONIF,LU,29.03,,67.59,,78.94,43.0,43.1,,,55.0
"A,THS_M3,PRV,NCONIF,LV",PRV,NCONIF,LV,3873.65,3558.23,2212.99,3651.12,1383.97,1993.58,0.0,,,
"A,THS_M3,PRV,NCONIF,MT",PRV,NCONIF,MT,,0.0,,0.0,0.0,0.0,0.0,,,
"A,THS_M3,PRV,NCONIF,NL",PRV,NCONIF,NL,314.42,329.9,290.65,230.4,238.68,214.86,214.0,193.0,203.0,210.0
"A,THS_M3,PRV,NCONIF,NO",PRV,NCONIF,NO,1360.34,1489.9,1365.95,,1586.0,1717.6,838.9,552.0,224.0,542.0
"A,THS_M3,PRV,NCONIF,PL",PRV,NCONIF,PL,625.83,682.5,929.96,856.04,270.1,253.0,281.0,,,
"A,THS_M3,PRV,NCONIF,PT",PRV,NCONIF,PT,10095.53,9026.63,8769.8,7641.05,5849.5,,,,,
"A,THS_M3,PRV,NCONIF,RO",PRV,NCONIF,RO,2764.59,2438.67,2464.72,2853.96,1603.2,1115.0,,,,
"A,THS_M3,PRV,NCONIF,SE",PRV,NCONIF,SE,7360.0,,,6435.03,5563.64,,,5890.0,,
"A,THS_M3,PRV,NCONIF,SI",PRV,NCONIF,SI,1255.78,1327.95,1419.36,995.07,818.23,851.48,653.0,,,
"A,THS_M3,PRV,NCONIF,SK",PRV,NCONIF,SK,1105.96,1192.83,1323.07,1095.51,553.6,808.0,694.0,,432.0,
"A,THS_M3,PRV,NCONIF,UK",PRV,NCONIF,UK,,652.96,429.25,417.92,392.48,343.0,391.0,446.0,661.0,605.0
"A,THS_M3,PRV,TOTAL,AT",PRV,TOTAL,AT,16583.45,17571067.0,15918.87,16373.08,14764.91,17332.0,14568.0,11585.0,12317.0,12068.0
"A,THS_M3,PRV,TOTAL,BE",PRV,TOTAL,BE,,,,,2456.81,2836.93,2567.41,,,
"A,THS_M3,PRV,TOTAL,BG",PRV,TOTAL,BG,663.5,840.89,904.57,1074.0,747.0,1205.0,,,,
"A,THS_M3,PRV,TOTAL,CH",PRV,TOTAL,CH,1695.41,1667.58,1393.2,,1463.87,1436.0,1500.0,3882.0,1209.0,1290.0
"A,THS_M3,PRV,TOTAL,CY",PRV,TOTAL,CY,1.48,1.53,3.41,,1.82,1.48,1.84,,2.0,
"A,THS_M3,PRV,TOTAL,CZ",PRV,TOTAL,CZ,,8336.0,3980.0,108.0,3793.0,4305.0,,,,
"A,THS_M3,PRV,TOTAL,DE",PRV,TOTAL,DE,,38972.64,24452.47,22227.22,19394.17,26932.0,20502.0,16393.0,11825.0,9362.0
"A,THS_M3,PRV,TOTAL,DK",PRV,TOTAL,DK,,,,,2066.2,1762.23,1154.0,2037.35,1111.0,
"A,THS_M3,PRV,TOTAL,EE",PRV,TOTAL,EE,6153.0,8225.83,5525.63,4090.0,2830.0,3240.0,7050.0,,2005.0,
"A,THS_M3,PRV,TOTAL,EL",PRV,TOTAL,EL,,,,,323.44,351.41,344.43,378.56,562.0,466.0
"A,THS_M3,PRV,TOTAL,ES",PRV,TOTAL,ES,13621.56,16324.15,13717.13,12225.95,10837.11,12160.46,12947.0,,,11510.0
"A,THS_M3,PRV,TOTAL,FI",PRV,TOTAL,FI,,62846.99,54320.37,46985.34,37259.31,46418.62,49520.0,50234.0,48189.0,44695.0
"A,THS_M3,PRV,TOTAL,FR",PRV,TOTAL,FR,40375.1,38743.48,39942.4,40094.15,44298.3,49341.19,19043.0,24913.0,22567.0,38845.0
"A,THS_M3,PRV,TOTAL,HU",PRV,TOTAL,HU,2437.6,2157.37,2000.88,2326.45,1748.57,1931.0,947.0,,,
"A,THS_M3,PRV,TOTAL,IE",PRV,TOTAL,IE,,,662.64,,236.59,216.0,283.0,,131.0,100.0
"A,THS_M3,PRV,TOTAL,IS",PRV,TOTAL,IS,,,,0.17,,,,,0.0,0.0
"A,THS_M3,PRV,TOTAL,IT",PRV,TOTAL,IT,,,3340.42,5680.84,6012.68,5899.42,6423.21,7237.0,,6549.0
"A,THS_M3,PRV,TOTAL,LI",PRV,TOTAL,LI,,,,0.0,0.0,1.0,,,1.0,3.0
"A,THS_M3,PRV,TOTAL,LT",PRV,TOTAL,LT,3099.0,3589.0,2792.0,3264.0,1920.82,2430.0,2625.0,,898.0,
"A,THS_M3,PRV,TOTAL,LU",PRV,TOTAL,LU,168.23,,199.58,,129.56,121.0,121.13,,,243.0
"A,THS_M3,PRV,TOTAL,LV",PRV,TOTAL,LV,8864.31,8419.3,6147.21,,4808.75,5895.86,0.0,,,
"A,THS_M3,PRV,TOTAL,MT",PRV,TOTAL,MT,,0.0,,0.0,0.0,0.0,0.0,,,
"A,THS_M3,PRV,TOTAL,NL",PRV,TOTAL,NL,547.12,601.6,586.6,477.3,508.07,545.85,491.0,510.0,543.0,491.0
"A,THS_M3,PRV,TOTAL,NO",PRV,TOTAL,NO,12051.95,11693.08,11708.5,,8390.72,9593.78,8070.6,7897.7,7703.0,8214.0
"A,THS_M3,PRV,TOTAL,PL",PRV,TOTAL,PL,1906.93,2334.09,2219.07,1989.0,1089.55,1098.0,1151.0,,,
"A,THS_M3,PRV,TOTAL,PT",PRV,TOTAL,PT,13477.49,12522.44,11229.53,10435.48,9411.02,,,,,
"A,THS_M3,PRV,TOTAL,RO",PRV,TOTAL,RO,5164.79,4200.91,4566.45,4973.47,3178.3,2377.0,,,,
"A,THS_M3,PRV,TOTAL,SE",PRV,TOTAL,SE,61600.0,62000.0,,,55763.64,57010.84,,58650.0,56200.0,52040.0
"A,THS_M3,PRV,TOTAL,SI",PRV,TOTAL,SI,2624.14,3478.88,3298.83,2235.37,1841.86,2061.79,1621.0,,,
"A,THS_M3,PRV,TOTAL,SK",PRV,TOTAL,SK,2831.98,3705.53,3403.07,2821.78,2405.66,2433.0,2012.0,,1215.0,
"A,THS_M3,PRV,TOTAL,UK",PRV,TOTAL,UK,,6632.83,5901.71,5322.49,3513.54,3891.0,3214.0,2608.0,3571.0,3461.0
"A,THS_M3,PUB_OTH,CONIF,AT",PUB_OTH,CONIF,AT,0.0,0.0,0.0,0.0,0.0,0.0,0.0,0.0,,0.0
"A,THS_M3,PUB_OTH,CONIF,BE",PUB_OTH,CONIF,BE,,,,,0.0,0.0,1043.29,,,
"A,THS_M3,PUB_OTH,CONIF,BG",PUB_OTH,CONIF,BG,252.68,340.17,278.48,122.0,80.0,156.0,,,,
"A,THS_M3,PUB_OTH,CONIF,CH",PUB_OTH,CONIF,CH,1869.6,1836.61,1733.36,,2053.4,2078.0,2200.0,3850.0,2020.0,2198.0
"A,THS_M3,PUB_OTH,CONIF,CY",PUB_OTH,CONIF,CY,0.75,0.44,0.88,0.01,0.13,0.0,0.0,,0.0,
"A,THS_M3,PUB_OTH,CONIF,CZ",PUB_OTH,CONIF,CZ,,4098.0,2650.0,4466.0,2291.0,2219.17,,,,
"A,THS_M3,PUB_OTH,CONIF,DE",PUB_OTH,CONIF,DE,,9007.77,21069.66,19633.24,20125.84,9240.0,7105.0,13507.0,6775.0,7020.0
"A,THS_M3,PUB_OTH,CONIF,DK",PUB_OTH,CONIF,DK,,,,,80.36,59.52,47.0,90.78,49.0,
"A,THS_M3,PUB_OTH,CONIF,EE",PUB_OTH,CONIF,EE,55.0,38.73,46.35,30.0,29.5,30.0,150.0,,202.0,
"A,THS_M3,PUB_OTH,CONIF,EL",PUB_OTH,CONIF,EL,,,,0.0,0.0,0.0,,0.0,,0.0
"A,THS_M3,PUB_OTH,CONIF,ES",PUB_OTH,CONIF,ES,1691.78,1915.33,2446.48,1690.64,1778.57,2414.75,2228.0,,,2502.0
"A,THS_M3,PUB_OTH,CONIF,FI",PUB_OTH,CONIF,FI,,0.0,0.0,0.0,0.0,0.0,,,,0.0
"A,THS_M3,PUB_OTH,CONIF,FR",PUB_OTH,CONIF,FR,4128.62,2873.86,2526.64,2767.78,2592.01,3019.9,3403.0,4907.0,3285.0,4540.0
"A,THS_M3,PUB_OTH,CONIF,HU",PUB_OTH,CONIF,HU,,0.0,4.22,4.56,2.86,2.0,53.0,,146.0,
"A,THS_M3,PUB_OTH,CONIF,IE",PUB_OTH,CONIF,IE,,,0.0,0.0,0.0,0.0,0.0,,0.0,0.0
"A,THS_M3,PUB_OTH,CONIF,IS",PUB_OTH,CONIF,IS,,,,0.31,,,,,0.0,0.0
"A,THS_M3,PUB_OTH,CONIF,IT",PUB_OTH,CONIF,IT,,,586.9,187.58,466.87,477.09,525.2,358.0,,
"A,THS_M3,PUB_OTH,CONIF,LI",PUB_OTH,CONIF,LI,,,,0.0,13.0,16.5,,,,
"A,THS_M3,PUB_OTH,CONIF,LT",PUB_OTH,CONIF,LT,0.0,0.0,0.0,0.0,0.0,0.0,0.0,,0.0,
"A,THS_M3,PUB_OTH,CONIF,LU",PUB_OTH,CONIF,LU,30.92,,26.44,,41.62,38.76,32.58,,,36.0
"A,THS_M3,PUB_OTH,CONIF,LV",PUB_OTH,CONIF,LV,179.52,166.19,94.54,403.67,52.65,8.5,4121.47,,,
"A,THS_M3,PUB_OTH,CONIF,MT",PUB_OTH,CONIF,MT,,0.0,,0.0,0.0,0.0,0.0,,,
"A,THS_M3,PUB_OTH,CONIF,NL",PUB_OTH,CONIF,NL,75.88,88.6,59.07,49.3,53.88,65.37,54.0,90.0,97.0,109.0
"A,THS_M3,PUB_OTH,CONIF,NO",PUB_OTH,CONIF,NO,606.28,639.58,0.0,0.0,255.02,0.0,0.0,0.0,250.0,240.0
"A,THS_M3,PUB_OTH,CONIF,PL",PUB_OTH,CONIF,PL,428.99,457.32,402.62,418.66,330.32,334.0,350.0,,,
"A,THS_M3,PUB_OTH,CONIF,PT",PUB_OTH,CONIF,PT,135.85,155.71,308.05,187.91,0.0,,,,,
"A,THS_M3,PUB_OTH,CONIF,RO",PUB_OTH,CONIF,RO,1638.12,1321.69,1389.96,1531.8,1132.1,981.0,,,,
"A,THS_M3,PUB_OTH,CONIF,SE",PUB_OTH,CONIF,SE,1354.0,,,,0.0,,,3910.0,,
"A,THS_M3,PUB_OTH,CONIF,SI",PUB_OTH,CONIF,SI,15.48,27.18,26.3,11.68,10.58,7.38,5.0,,,
"A,THS_M3,PUB_OTH,CONIF,SK",PUB_OTH,CONIF,SK,410.77,503.07,502.88,683.86,818.91,601.0,383.0,,614.0,
"A,THS_M3,PUB_OTH,CONIF,UK",PUB_OTH,CONIF,UK,,,,0.0,0.0,,,,,0.0
"A,THS_M3,PUB_OTH,NCONIF,AT",PUB_OTH,NCONIF,AT,0.0,0.0,0.0,0.0,0.0,0.0,0.0,0.0,,0.0
"A,THS_M3,PUB_OTH,NCONIF,BE",PUB_OTH,NCONIF,BE,,,,,0.0,0.0,644.8,,,
"A,THS_M3,PUB_OTH,NCONIF,BG",PUB_OTH,NCONIF,BG,340.67,405.62,469.37,494.0,400.0,480.0,,,,
"A,THS_M3,PUB_OTH,NCONIF,CH",PUB_OTH,NCONIF,CH,857.82,797.7,967.57,,901.54,707.0,700.0,973.0,815.0,761.0
"A,THS_M3,PUB_OTH,NCONIF,CY",PUB_OTH,NCONIF,CY,0.02,0.03,0.23,0.02,0.0,0.0,0.0,,0.0,
"A,THS_M3,PUB_OTH,NCONIF,CZ",PUB_OTH,NCONIF,CZ,,223.0,270.0,569.0,202.0,192.83,,,,
"A,THS_M3,PUB_OTH,NCONIF,DE",PUB_OTH,NCONIF,DE,,4868.02,9132.49,9405.92,7541.49,4177.0,3405.0,3722.0,2262.0,2295.0
"A,THS_M3,PUB_OTH,NCONIF,DK",PUB_OTH,NCONIF,DK,,,,,25.44,16.27,17.0,22.75,30.0,
"A,THS_M3,PUB_OTH,NCONIF,EE",PUB_OTH,NCONIF,EE,45.0,31.56,32.67,70.0,30.5,30.0,50.0,,167.0,
"A,THS_M3,PUB_OTH,NCONIF,EL",PUB_OTH,NCONIF,EL,,,,0.0,0.0,0.0,,0.0,,0.0
"A,THS_M3,PUB_OTH,NCONIF,ES",PUB_OTH,NCONIF,ES,392.07,299.56,520.35,1186.96,966.18,680.89,590.0,,,751.0
"A,THS_M3,PUB_OTH,NCONIF,FI",PUB_OTH,NCONIF,FI,,0.0,0.0,0.0,0.0,0.0,,,,0.0
"A,THS_M3,PUB_OTH,NCONIF,FR",PUB_OTH,NCONIF,FR,3854.15,3621.83,3760.16,3705.46,3215.87,3840.68,3902.0,6558.0,2870.0,3325.0
"A,THS_M3,PUB_OTH,NCONIF,HU",PUB_OTH,NCONIF,HU,,31.72,26.99,22.1,23.78,21.0,360.0,,1433.0,
"A,THS_M3,PUB_OTH,NCONIF,IE",PUB_OTH,NCONIF,IE,,,0.0,0.0,0.0,0.0,0.0,,0.0,0.0
"A,THS_M3,PUB_OTH,NCONIF,IS",PUB_OTH,NCONIF,IS,,,,0.03,,,,,0.0,0.0
"A,THS_M3,PUB_OTH,NCONIF,IT",PUB_OTH,NCONIF,IT,,,935.47,214.83,1098.54,1718.08,1064.7,1546.0,,
"A,THS_M3,PUB_OTH,NCONIF,LI",PUB_OTH,NCONIF,LI,,,,0.0,12.0,7.5,,,,
"A,THS_M3,PUB_OTH,NCONIF,LT",PUB_OTH,NCONIF,LT,0.0,0.0,0.0,0.0,0.0,0.0,0.0,,0.0,
"A,THS_M3,PUB_OTH,NCONIF,LU",PUB_OTH,NCONIF,LU,43.85,,107.31,,68.71,74.69,76.07,,,97.0
"A,THS_M3,PUB_OTH,NCONIF,LV",PUB_OTH,NCONIF,LV,139.34,121.65,28.41,97.51,21.28,4.34,4211.09,,,
"A,THS_M3,PUB_OTH,NCONIF,MT",PUB_OTH,NCONIF,MT,,0.0,,0.0,0.0,0.0,0.0,,,
"A,THS_M3,PUB_OTH,NCONIF,NL",PUB_OTH,NCONIF,NL,102.53,107.6,58.02,46.0,47.74,50.44,81.0,55.0,58.0,63.0
"A,THS_M3,PUB_OTH,NCONIF,NO",PUB_OTH,NCONIF,NO,25.26,15.06,0.0,0.0,0.25,0.0,0.0,0.0,7.0,20.0
"A,THS_M3,PUB_OTH,NCONIF,PL",PUB_OTH,NCONIF,PL,259.86,374.27,344.83,340.39,105.08,111.0,115.0,,,
"A,THS_M3,PUB_OTH,NCONIF,PT",PUB_OTH,NCONIF,PT,6.45,11.14,12.66,21.45,0.0,,,,,
"A,THS_M3,PUB_OTH,NCONIF,RO",PUB_OTH,NCONIF,RO,1889.31,1856.6,1702.81,1590.04,1145.2,1209.0,,,,
"A,THS_M3,PUB_OTH,NCONIF,SE",PUB_OTH,NCONIF,SE,184.0,,,,0.0,,,370.0,,
"A,THS_M3,PUB_OTH,NCONIF,SI",PUB_OTH,NCONIF,SI,22.18,17.62,21.94,15.26,7.88,7.13,2.0,,,
"A,THS_M3,PUB_OTH,NCONIF,SK",PUB_OTH,NCONIF,SK,314.38,309.86,341.54,357.01,244.78,298.0,201.0,,231.0,
"A,THS_M3,PUB_OTH,NCONIF,UK",PUB_OTH,NCONIF,UK,,,,0.0,0.0,,,,,0.0
"A,THS_M3,PUB_OTH,TOTAL,AT",PUB_OTH,TOTAL,AT,0.0,0.0,0.0,0.0,0.0,0.0,0.0,0.0,,0.0
"A,THS_M3,PUB_OTH,TOTAL,BE",PUB_OTH,TOTAL,BE,,,,,0.0,0.0,1688.09,,,
"A,THS_M3,PUB_OTH,TOTAL,BG",PUB_OTH,TOTAL,BG,593.35,745.79,747.85,616.0,480.0,636.0,,,,
"A,THS_M3,PUB_OTH,TOTAL,CH",PUB_OTH,TOTAL,CH,2727.42,2634.31,2700.93,,2954.93,2785.0,2900.0,4823.0,2835.0,2959.0
"A,THS_M3,PUB_OTH,TOTAL,CY",PUB_OTH,TOTAL,CY,0.77,0.47,1.11,0.03,0.13,0.0,0.0,,0.0,
"A,THS_M3,PUB_OTH,TOTAL,CZ",PUB_OTH,TOTAL,CZ,,4321.0,2920.0,5035.0,2493.0,2412.0,,,,
"A,THS_M3,PUB_OTH,TOTAL,DE",PUB_OTH,TOTAL,DE,,13875.79,30202.14,29039.15,27667.33,13417.0,10510.0,17229.0,9037.0,9315.0
"A,THS_M3,PUB_OTH,TOTAL,DK",PUB_OTH,TOTAL,DK,,,,,105.8,75.79,64.0,113.53,79.0,
"A,THS_M3,PUB_OTH,TOTAL,EE",PUB_OTH,TOTAL,EE,100.0,70.3,79.02,100.0,60.0,60.0,200.0,,370.0,
"A,THS_M3,PUB_OTH,TOTAL,EL",PUB_OTH,TOTAL,EL,,,,,0.0,0.0,,0.0,,0.0
"A,THS_M3,PUB_OTH,TOTAL,ES",PUB_OTH,TOTAL,ES,2083.85,2214.89,2966.83,2877.6,2744.75,3095.64,2818.0,,,3253.0
"A,THS_M3,PUB_OTH,TOTAL,FI",PUB_OTH,TOTAL,FI,,0.0,0.0,0.0,0.0,0.0,,,,0.0
"A,THS_M3,PUB_OTH,TOTAL,FR",PUB_OTH,TOTAL,FR,7982.77,6495.69,6286.8,6473.24,5807.88,6860.58,7305.0,11465.0,6155.0,7865.0
"A,THS_M3,PUB_OTH,TOTAL,HU",PUB_OTH,TOTAL,HU,,31.72,31.22,26.66,26.64,23.0,413.0,,1580.0,
"A,THS_M3,PUB_OTH,TOTAL,IE",PUB_OTH,TOTAL,IE,,,0.0,0.0,0.0,0.0,0.0,,0.0,0.0
"A,THS_M3,PUB_OTH,TOTAL,IS",PUB_OTH,TOTAL,IS,,,,0.34,,,,,0.0,0.0
"A,THS_M3,PUB_OTH,TOTAL,IT",PUB_OTH,TOTAL,IT,,,1522.37,402.4,1565.41,2195.17,1589.91,1904.0,,1633.0
"A,THS_M3,PUB_OTH,TOTAL,LI",PUB_OTH,TOTAL,LI,,,,0.0,25.0,24.0,,,19.0,24.0
"A,THS_M3,PUB_OTH,TOTAL,LT",PUB_OTH,TOTAL,LT,0.0,0.0,0.0,0.0,0.0,0.0,0.0,,0.0,
"A,THS_M3,PUB_OTH,TOTAL,LU",PUB_OTH,TOTAL,LU,74.78,,133.75,,110.33,113.45,108.65,,,132.0
"A,THS_M3,PUB_OTH,TOTAL,LV",PUB_OTH,TOTAL,LV,318.86,287.84,122.94,501.18,73.93,12.85,8332.42,,,
"A,THS_M3,PUB_OTH,TOTAL,MT",PUB_OTH,TOTAL,MT,,0.0,,0.0,0.0,0.0,0.0,,,
"A,THS_M3,PUB_OTH,TOTAL,NL",PUB_OTH,TOTAL,NL,178.41,196.2,117.09,95.3,101.61,115.76,135.0,145.0,155.0,171.0
"A,THS_M3,PUB_OTH,TOTAL,NO",PUB_OTH,TOTAL,NO,631.54,654.64,0.0,0.0,255.27,0.0,0.0,0.0,257.0,260.0
"A,THS_M3,PUB_OTH,TOTAL,PL",PUB_OTH,TOTAL,PL,688.84,831.59,747.45,759.05,435.39,445.0,465.0,,,
"A,THS_M3,PUB_OTH,TOTAL,PT",PUB_OTH,TOTAL,PT,142.3,166.85,320.71,209.36,0.0,,,,,
"A,THS_M3,PUB_OTH,TOTAL,RO",PUB_OTH,TOTAL,RO,3527.44,3178.28,3092.77,3121.84,2277.3,2190.0,,,,
"A,THS_M3,PUB_OTH,TOTAL,SE",PUB_OTH,TOTAL,SE,1540.0,1000.0,,,0.0,7589.16,,4280.0,3835.0,3310.0
"A,THS_M3,PUB_OTH,TOTAL,SI",PUB_OTH,TOTAL,SI,37.66,44.8,48.25,,18.46,14.51,7.0,,,
"A,THS_M3,PUB_OTH,TOTAL,SK",PUB_OTH,TOTAL,SK,725.15,812.93,844.42,1040.87,1063.69,899.0,584.0,,846.0,
"A,THS_M3,PUB_OTH,TOTAL,UK",PUB_OTH,TOTAL,UK,,,0.0,0.0,0.0,,,,,0.0
"A,THS_M3,PUB_STA,CONIF,AT",PUB_STA,CONIF,AT,1583.24,1283793.0,1310.18,1362.92,1705.03,1496.0,2160.0,1330.0,1978.0,1819.0
"A,THS_M3,PUB_STA,CONIF,BE",PUB_STA,CONIF,BE,,,,,1256.85,1510.43,354.43,,,
"A,THS_M3,PUB_STA,CONIF,BG",PUB_STA,CONIF,BG,2220.75,2669.54,2331.4,1828.0,1013.0,1574.0,,,,
"A,THS_M3,PUB_STA,CONIF,CH",PUB_STA,CONIF,CH,193.1,207.82,153.93,,186.81,257.0,300.0,410.0,243.0,252.0
"A,THS_M3,PUB_STA,CONIF,CY",PUB_STA,CONIF,CY,7.17,8.42,5.03,7.93,7.03,5.05,9.51,,37.0,
"A,THS_M3,PUB_STA,CONIF,CZ",PUB_STA,CONIF,CZ,,12266.0,8202.0,8513.0,8315.0,9938.0,7742.0,,,
"A,THS_M3,PUB_STA,CONIF,DE",PUB_STA,CONIF,DE,,16171.61,779.36,876.79,831.14,16570.0,15450.0,16253.0,14157.0,12778.0
"A,THS_M3,PUB_STA,CONIF,DK",PUB_STA,CONIF,DK,,,,,497.27,426.08,319.0,711.11,319.0,
"A,THS_M3,PUB_STA,CONIF,EE",PUB_STA,CONIF,EE,2433.0,2165.13,2293.77,1897.0,1580.0,1260.0,1850.0,,1634.0,
"A,THS_M3,PUB_STA,CONIF,EL",PUB_STA,CONIF,EL,,,,,176.39,332.23,405.35,538.91,376.0,460.0
"A,THS_M3,PUB_STA,CONIF,ES",PUB_STA,CONIF,ES,373.7,409.7,452.66,225.42,237.14,366.35,235.0,,,190.0
"A,THS_M3,PUB_STA,CONIF,FI",PUB_STA,CONIF,FI,,4818.21,4533.87,4755.92,3947.68,3981.0,3870.0,3697.0,3330.0,3326.0
"A,THS_M3,PUB_STA,CONIF,FR",PUB_STA,CONIF,FR,2271.13,2031.84,1995.86,1875.5,1539.86,2154.74,2855.0,3489.0,2688.0,2992.0
"A,THS_M3,PUB_STA,CONIF,HU",PUB_STA,CONIF,HU,625.47,635.67,681.86,556.22,551.77,594.0,534.0,,410.0,
"A,THS_M3,PUB_STA,CONIF,IE",PUB_STA,CONIF,IE,,,2240.71,2129.64,2184.91,2443.0,2392.0,,2043.0,2015.0
"A,THS_M3,PUB_STA,CONIF,IS",PUB_STA,CONIF,IS,,,,3.12,,,,,198.0,0.0
"A,THS_M3,PUB_STA,CONIF,IT",PUB_STA,CONIF,IT,,,73.11,794.0,134.3,113.81,69.62,35.0,,
"A,THS_M3,PUB_STA,CONIF,LI",PUB_STA,CONIF,LI,,,,7.0,0.0,0.0,,,0.0,0.0
"A,THS_M3,PUB_STA,CONIF,LT",PUB_STA,CONIF,LT,2103.0,1999.0,2084.0,1948.0,1820.98,1800.0,2180.0,,2540.0,
"A,THS_M3,PUB_STA,CONIF,LU",PUB_STA,CONIF,LU,28.47,,29.88,,24.56,23.14,17.28,,,22.0
"A,THS_M3,PUB_STA,CONIF,LV",PUB_STA,CONIF,LV,3805.82,3282.26,4216.98,3867.88,3959.56,4590.7,2887.53,,,
"A,THS_M3,PUB_STA,CONIF,MT",PUB_STA,CONIF,MT,,0.0,,0.0,0.0,0.0,0.0,,,
"A,THS_M3,PUB_STA,CONIF,NL",PUB_STA,CONIF,NL,197.29,230.3,236.88,197.7,215.51,253.55,263.0,238.0,257.0,187.0
"A,THS_M3,PUB_STA,CONIF,NO",PUB_STA,CONIF,NO,468.92,463.51,270.69,,230.58,187.67,218.5,256.2,226.0,252.0
"A,THS_M3,PUB_STA,CONIF,PL",PUB_STA,CONIF,PL,31609.45,33787.89,28939.81,26098.04,24343.29,22225.0,20667.0,,,
"A,THS_M3,PUB_STA,CONIF,PT",PUB_STA,CONIF,PT,25.53,640.39,104.21,65.12,57.92,,,,,
"A,THS_M3,PUB_STA,CONIF,RO",PUB_STA,CONIF,RO,3083.94,2869.6,2532.72,2478.18,2214.9,2431.0,,,,
"A,THS_M3,PUB_STA,CONIF,SE",PUB_STA,CONIF,SE,12186.0,,,7162.71,8900.0,,,340.0,,
"A,THS_M3,PUB_STA,CONIF,SI",PUB_STA,CONIF,SI,512.4,1265.63,1156.74,583.62,547.96,667.54,576.0,,,
"A,THS_M3,PUB_STA,CONIF,SK",PUB_STA,CONIF,SK,1763.86,2773.62,2079.38,2016.42,3604.7,2559.0,1674.0,,2289.0,
"A,THS_M3,PUB_STA,CONIF,UK",PUB_STA,CONIF,UK,,4440.26,4606.2,4749.19,5033.68,4499.0,4730.0,4730.0,3826.0,3647.0
"A,THS_M3,PUB_STA,NCONIF,AT",PUB_STA,NCONIF,AT,253.57,337199.0,320.48,284.69,257.49,307.0,327.0,361.0,430.0,473.0
"A,THS_M3,PUB_STA,NCONIF,BE",PUB_STA,NCONIF,BE,,,,,681.35,727.65,155.08,,,
"A,THS_M3,PUB_STA,NCONIF,BG",PUB_STA,NCONIF,BG,2129.65,2199.79,2388.27,2574.0,2359.0,2577.0,,,,
"A,THS_M3,PUB_STA,NCONIF,CH",PUB_STA,NCONIF,CH,105.62,88.79,108.56,,96.16,78.0,100.0,123.0,96.0,109.0
"A,THS_M3,PUB_STA,NCONIF,CY",PUB_STA,NCONIF,CY,0.61,0.53,1.05,1.53,0.9,0.9,0.64,,1.0,
"A,THS_M3,PUB_STA,NCONIF,CZ",PUB_STA,NCONIF,CZ,,766.0,1061.0,1405.0,901.0,1023.0,1008.0,,,
"A,THS_M3,PUB_STA,NCONIF,DE",PUB_STA,NCONIF,DE,,6212.61,178.77,194.97,180.64,5371.0,4720.0,3835.0,3187.0,3163.0
"A,THS_M3,PUB_STA,NCONIF,DK",PUB_STA,NCONIF,DK,,,,,143.74,93.9,89.0,90.09,127.0,
"A,THS_M3,PUB_STA,NCONIF,EE",PUB_STA,NCONIF,EE,1981.0,1764.27,1616.62,1203.0,930.0,840.0,1400.0,,970.0,
"A,THS_M3,PUB_STA,NCONIF,EL",PUB_STA,NCONIF,EL,,,,,534.07,878.2,923.08,1327.46,845.0,1165.0
"A,THS_M3,PUB_STA,NCONIF,ES",PUB_STA,NCONIF,ES,21.2,14.72,290.86,197.83,161.03,93.56,105.0,,,352.0
"A,THS_M3,PUB_STA,NCONIF,FI",PUB_STA,NCONIF,FI,,623.97,556.65,568.25,446.15,412.0,389.0,331.0,280.0,399.0
"A,THS_M3,PUB_STA,NCONIF,FR",PUB_STA,NCONIF,FR,2286.0,2597.82,2787.06,3051.82,2801.16,3433.68,3624.0,5961.0,3523.0,3238.0
"A,THS_M3,PUB_STA,NCONIF,HU",PUB_STA,NCONIF,HU,2921.7,3031.25,3030.01,3036.79,2917.02,3365.0,3891.0,,2262.0,
"A,THS_M3,PUB_STA,NCONIF,IE",PUB_STA,NCONIF,IE,,,4.64,5.55,7.27,12.0,9.0,,6.0,35.0
"A,THS_M3,PUB_STA,NCONIF,IS",PUB_STA,NCONIF,IS,,,,0.29,,,,,0.0,0.0
"A,THS_M3,PUB_STA,NCONIF,IT",PUB_STA,NCONIF,IT,,,116.54,867.22,367.94,409.87,136.27,153.0,,
"A,THS_M3,PUB_STA,NCONIF,LI",PUB_STA,NCONIF,LI,,,,1.0,0.0,0.0,,,0.0,0.0
"A,THS_M3,PUB_STA,NCONIF,LT",PUB_STA,NCONIF,LT,1412.0,1394.0,1538.0,1709.0,1717.73,1640.0,1470.0,,1711.0,
"A,THS_M3,PUB_STA,NCONIF,LU",PUB_STA,NCONIF,LU,9.86,,17.75,,9.34,10.28,10.24,,,14.0
"A,THS_M3,PUB_STA,NCONIF,LV",PUB_STA,NCONIF,LV,2954.01,2402.57,1807.28,2271.61,1600.08,2345.38,1695.91,,,
"A,THS_M3,PUB_STA,NCONIF,MT",PUB_STA,NCONIF,MT,,0.0,,0.0,0.0,0.0,0.0,,,
"A,THS_M3,PUB_STA,NCONIF,NL",PUB_STA,NCONIF,NL,266.57,279.7,232.63,184.4,190.94,191.66,155.0,146.0,190.0,169.0
"A,THS_M3,PUB_STA,NCONIF,NO",PUB_STA,NCONIF,NO,4.74,10.91,4.51,,7.02,12.06,9.5,2.5,9.0,18.0
"A,THS_M3,PUB_STA,NCONIF,PL",PUB_STA,NCONIF,PL,8900.94,9765.96,9468.65,9169.35,8760.94,8616.0,8553.0,,,
"A,THS_M3,PUB_STA,NCONIF,PT",PUB_STA,NCONIF,PT,0.12,3.16,0.21,0.86,95.13,,,,,
"A,THS_M3,PUB_STA,NCONIF,RO",PUB_STA,NCONIF,RO,6020.18,5740.4,5122.76,5514.42,4886.0,6972.0,,,,
"A,THS_M3,PUB_STA,NCONIF,SE",PUB_STA,NCONIF,SE,1656.0,,,369.14,436.36,,,30.0,,
"A,THS_M3,PUB_STA,NCONIF,SI",PUB_STA,NCONIF,SI,542.26,249.97,550.62,495.17,521.94,435.3,387.0,,,
"A,THS_M3,PUB_STA,NCONIF,SK",PUB_STA,NCONIF,SK,2343.78,2310.78,2667.73,2322.6,2012.95,1978.0,2085.0,,1595.0,
"A,THS_M3,PUB_STA,NCONIF,UK",PUB_STA,NCONIF,UK,,77.4,63.95,47.86,76.41,40.0,102.0,143.0,85.0,114.0
"A,THS_M3,PUB_STA,TOTAL,AT",PUB_STA,TOTAL,AT,1836.81,1620992.0,1630.66,1647.6,1962.53,1803.0,2488.0,1691.0,2408.0,2292.0
"A,THS_M3,PUB_STA,TOTAL,BE",PUB_STA,TOTAL,BE,,,,,1938.2,2238.08,509.51,,,
"A,THS_M3,PUB_STA,TOTAL,BG",PUB_STA,TOTAL,BG,4350.41,4869.33,4719.68,4402.0,3372.0,4151.0,,,,
"A,THS_M3,PUB_STA,TOTAL,CH",PUB_STA,TOTAL,CH,298.72,296.61,262.49,,282.97,335.0,400.0,533.0,339.0,361.0
"A,THS_M3,PUB_STA,TOTAL,CY",PUB_STA,TOTAL,CY,7.78,8.96,6.07,,7.93,5.95,10.15,,38.0,
"A,THS_M3,PUB_STA,TOTAL,CZ",PUB_STA,TOTAL,CZ,,13032.0,9263.0,9918.0,9216.0,10961.0,8750.0,,,
"A,THS_M3,PUB_STA,TOTAL,DE",PUB_STA,TOTAL,DE,,22384.22,958.13,1071.76,1011.78,21941.0,20170.0,20088.0,17344.0,15941.0
"A,THS_M3,PUB_STA,TOTAL,DK",PUB_STA,TOTAL,DK,,,,,641.0,519.98,408.0,801.2,446.0,
"A,THS_M3,PUB_STA,TOTAL,EE",PUB_STA,TOTAL,EE,4414.0,3929.41,3910.39,3100.0,2510.0,2100.0,3250.0,,2604.0,
"A,THS_M3,PUB_STA,TOTAL,EL",PUB_STA,TOTAL,EL,,,,,710.45,1210.43,1328.43,1866.37,1221.0,1625.0
"A,THS_M3,PUB_STA,TOTAL,ES",PUB_STA,TOTAL,ES,394.91,424.42,743.53,423.24,398.17,459.9,340.0,,,542.0
"A,THS_M3,PUB_STA,TOTAL,FI",PUB_STA,TOTAL,FI,,5442.18,5090.52,,4393.84,4393.0,4258.0,4028.0,3610.0,3725.0
"A,THS_M3,PUB_STA,TOTAL,FR",PUB_STA,TOTAL,FR,4557.12,4629.66,4782.93,4927.32,4341.02,5588.42,6479.0,9450.0,6211.0,6230.0
"A,THS_M3,PUB_STA,TOTAL,HU",PUB_STA,TOTAL,HU,3547.18,3666.92,3711.87,3593.01,3468.79,3959.0,4425.0,,2672.0,
"A,THS_M3,PUB_STA,TOTAL,IE",PUB_STA,TOTAL,IE,,,2245.35,,2192.18,2455.0,2400.0,,2049.0,2050.0
"A,THS_M3,PUB_STA,TOTAL,IS",PUB_STA,TOTAL,IS,,,,3.41,,,,,326.0,0.0
"A,THS_M3,PUB_STA,TOTAL,IT",PUB_STA,TOTAL,IT,,,189.65,1661.22,502.24,523.68,205.89,188.0,,170.0
"A,THS_M3,PUB_STA,TOTAL,LI",PUB_STA,TOTAL,LI,,,,8.0,0.0,0.0,,,0.0,0.0
"A,THS_M3,PUB_STA,TOTAL,LT",PUB_STA,TOTAL,LT,3515.0,3393.0,3622.0,3657.0,3538.72,3440.0,3650.0,,4251.0,
"A,THS_M3,PUB_STA,TOTAL,LU",PUB_STA,TOTAL,LU,38.33,,47.63,,33.9,33.42,27.52,,,36.0
"A,THS_M3,PUB_STA,TOTAL,LV",PUB_STA,TOTAL,LV,6759.83,5684.83,6024.26,6139.5,5559.64,6936.3,4583.29,,,
"A,THS_M3,PUB_STA,TOTAL,MT",PUB_STA,TOTAL,MT,,0.0,,0.0,0.0,0.0,0.0,,,
"A,THS_M3,PUB_STA,TOTAL,NL",PUB_STA,TOTAL,NL,463.86,510.0,469.51,382.1,406.45,445.07,418.0,384.0,410.0,356.0
"A,THS_M3,PUB_STA,TOTAL,NO",PUB_STA,TOTAL,NO,473.66,474.42,275.2,,237.61,199.72,228.0,258.6,235.0,270.0
"A,THS_M3,PUB_STA,TOTAL,PL",PUB_STA,TOTAL,PL,40510.39,43553.85,38408.45,35267.38,33104.23,30841.0,29220.0,,,
"A,THS_M3,PUB_STA,TOTAL,PT",PUB_STA,TOTAL,PT,25.65,643.55,104.42,65.98,153.05,,,,,
"A,THS_M3,PUB_STA,TOTAL,RO",PUB_STA,TOTAL,RO,9104.13,8610.01,7655.48,7992.6,7100.9,9403.0,,,,
"A,THS_M3,PUB_STA,TOTAL,SE",PUB_STA,TOTAL,SE,13860.0,10000.0,,7531.85,9336.36,,,370.0,342.0,560.0
"A,THS_M3,PUB_STA,TOTAL,SI",PUB_STA,TOTAL,SI,1054.66,1515.6,1707.36,1078.78,1069.89,1102.84,963.0,,,
"A,THS_M3,PUB_STA,TOTAL,SK",PUB_STA,TOTAL,SK,4107.63,5084.4,4747.12,4339.02,5617.64,4537.0,3759.0,,3883.0,
"A,THS_M3,PUB_STA,TOTAL,UK",PUB_STA,TOTAL,UK,,4517.66,4670.15,4797.05,5110.09,4539.0,4832.0,4873.0,3911.0,3761.0
